-- MariaDB dump 10.19  Distrib 10.5.19-MariaDB, for Linux (x86_64)
--
-- Host: 127.0.0.1    Database: grade
-- ------------------------------------------------------
-- Server version	10.5.19-MariaDB

/*!40101 SET @OLD_CHARACTER_SET_CLIENT=@@CHARACTER_SET_CLIENT */;
/*!40101 SET @OLD_CHARACTER_SET_RESULTS=@@CHARACTER_SET_RESULTS */;
/*!40101 SET @OLD_COLLATION_CONNECTION=@@COLLATION_CONNECTION */;
/*!40101 SET NAMES utf8mb4 */;
/*!40103 SET @OLD_TIME_ZONE=@@TIME_ZONE */;
/*!40103 SET TIME_ZONE='+00:00' */;
/*!40014 SET @OLD_UNIQUE_CHECKS=@@UNIQUE_CHECKS, UNIQUE_CHECKS=0 */;
/*!40014 SET @OLD_FOREIGN_KEY_CHECKS=@@FOREIGN_KEY_CHECKS, FOREIGN_KEY_CHECKS=0 */;
/*!40101 SET @OLD_SQL_MODE=@@SQL_MODE, SQL_MODE='NO_AUTO_VALUE_ON_ZERO' */;
/*!40111 SET @OLD_SQL_NOTES=@@SQL_NOTES, SQL_NOTES=0 */;

--
-- Table structure for table `course`
--

DROP TABLE IF EXISTS `course`;
/*!40101 SET @saved_cs_client     = @@character_set_client */;
/*!40101 SET character_set_client = utf8 */;
CREATE TABLE `course` (
  `id` varchar(10) NOT NULL,
  `name` varchar(50) DEFAULT NULL,
  `semester` int(11) DEFAULT NULL,
  `credit` int(11) DEFAULT NULL,
  `teacher_id` varchar(20) CHARACTER SET utf8 COLLATE utf8_general_ci DEFAULT NULL,
  PRIMARY KEY (`id`)
) ENGINE=InnoDB DEFAULT CHARSET=utf8mb4 COLLATE=utf8mb4_general_ci;
/*!40101 SET character_set_client = @saved_cs_client */;

--
-- Dumping data for table `course`
--

LOCK TABLES `course` WRITE;
/*!40000 ALTER TABLE `course` DISABLE KEYS */;
INSERT INTO `course` VALUES ('CS0001','操作系统',4,4,'10000008'),('CS0002','计算机网络',6,2,'10000008'),('CS0003','计算机系统结构',6,6,'10000009'),('CS0004','信息技术导论',2,2,'10000008'),('CS0005','JAVAEE',2,2,'10000008'),('CS0007','编译原理',5,4,'10006487'),('CS0009','编译原理',5,4,'10002987'),('CS0010','编译原理',5,4,'10000414'),('CS0011','编译原理',5,4,'10008965'),('CS0012','编译原理',5,4,'10004237'),('CS0013','编译原理',5,4,'10006435'),('CS0014','编译原理',5,4,'10003479'),('CS0015','操作系统',5,4,'10009683'),('CS0016','操作系统',5,4,'10007831'),('CS0017','操作系统',5,4,'10009301'),('CS0018','操作系统',5,4,'10007157'),('CS0019','操作系统',5,4,'10003347'),('CS0020','操作系统',5,4,'10007745'),('CS0021','操作系统',5,4,'10003017'),('CS0022','大数据应用',6,2,'10004083'),('CS0023','大数据应用',6,2,'10006985'),('CS0024','大数据应用',6,2,'10009198'),('CS0025','大数据应用',6,2,'10006195'),('CS0026','大数据应用',6,2,'10005638'),('CS0027','大数据应用',6,2,'10009779'),('CS0028','大数据应用',6,2,'10007142'),('CS0029','计算机系统结构',6,4,'10001718'),('CS0030','计算机系统结构',6,4,'10008036'),('CS0031','计算机系统结构',6,4,'10001240'),('CS0032','计算机系统结构',6,4,'10005304'),('CS0033','计算机系统结构',6,4,'10004191'),('CS0034','计算机系统结构',6,4,'10007298'),('CS0035','计算机系统结构',6,4,'10002879'),('CS0036','计算机系统结构',6,4,'10000433'),('CS0037','计算机系统结构',6,4,'10003511'),('CS0038','计算机网络',6,4,'10007508'),('CS0039','计算机网络',6,4,'10009406'),('CS0040','计算机网络',6,4,'10009005'),('CS0041','计算机网络',6,4,'10001078'),('CS0042','计算机网络',6,4,'10002886'),('CS0043','计算机网络',6,4,'10007879'),('CS0044','计算机网络',6,4,'10002125'),('CS0045','操作系统',6,4,'10006693'),('CS0046','操作系统',6,4,'10003914'),('CS0099','嵌入式应用',4,6,'10000009'),('MT0001','高等数学',2,5,'10005104'),('MT0002','高等数学',2,5,'10003194'),('MT0003','高等数学',2,5,'10001645'),('MT0004','高等数学',2,5,'10007224'),('MT0005','高等数学',2,5,'10000934'),('MT0006','高等数学',2,5,'10000726'),('MT0007','高等数学',2,5,'10005118'),('MT0008','高等数学',2,5,'10002449'),('MT0009','高等数学',2,5,'10005530'),('MT0010','高等数学',2,5,'10006449'),('MT0011','高等数学',2,5,'10003040'),('MT0012','高等数学',2,5,'10005845'),('MT0013','高等数学',2,5,'10008720'),('MT0014','高等数学',2,5,'10006492'),('MT0015','高等数学',2,5,'10005029'),('MT0016','高等数学',2,5,'10005782'),('MT0017','高等数学',2,5,'10002330'),('MT0018','高等数学',2,5,'10007990'),('MT0019','高等数学',2,5,'10000505'),('MT0020','线性代数',1,3,'10004624'),('MT0021','线性代数',1,3,'10005642'),('MT0022','线性代数',1,3,'10000347'),('MT0023','线性代数',1,3,'10004661'),('MT0024','线性代数',1,3,'10005657'),('MT0025','线性代数',1,3,'10009899'),('MT0026','线性代数',1,3,'10000092'),('MT0027','线性代数',1,3,'10008292'),('MT0028','线性代数',1,3,'10000166'),('MY0001','形式与政策',1,1,'10008280'),('MY0002','形式与政策',1,1,'10006482'),('MY0003','形式与政策',1,1,'10002658'),('MY0004','形式与政策',1,1,'10003074'),('MY0005','形式与政策',1,1,'10001951'),('MY0006','形式与政策',1,1,'10009757'),('MY0007','形式与政策',1,1,'10009411'),('MY0008','形式与政策',1,1,'10005975'),('MY0009','形式与政策',1,1,'10002780'),('MY0010','形式与政策',1,1,'10003626'),('MY0011','形式与政策',1,1,'10004969'),('MY0012','形式与政策',1,1,'10009540'),('MY0013','形式与政策',1,1,'10004136'),('MY0014','马克思主义理论',3,2,'10008859'),('MY0015','马克思主义理论',3,2,'10002710'),('MY0016','马克思主义理论',3,2,'10008872'),('MY0017','马克思主义理论',3,2,'10008521'),('MY0018','马克思主义理论',3,2,'10003698'),('MY0019','毛泽东思想概论',4,2,'10005577'),('MY0020','毛泽东思想概论',4,2,'10001377'),('MY0021','毛泽东思想概论',4,2,'10005333'),('WY0001','大学英语',3,4,'10003936'),('WY0002','大学英语',3,4,'10008488'),('WY0003','大学英语',3,4,'10004712'),('WY0004','大学英语',3,4,'10003568'),('WY0005','大学英语',3,4,'10002569'),('WY0006','大学英语',3,4,'10001664'),('WY0007','大学英语',3,4,'10009416'),('WY0008','大学英语',3,4,'10009522'),('WY0009','大学英语',3,4,'10006504'),('WY0010','大学英语',3,4,'10001827'),('WY0011','大学英语',3,4,'10008503');
/*!40000 ALTER TABLE `course` ENABLE KEYS */;
UNLOCK TABLES;

--
-- Temporary table structure for view `course_view`
--

DROP TABLE IF EXISTS `course_view`;
/*!50001 DROP VIEW IF EXISTS `course_view`*/;
SET @saved_cs_client     = @@character_set_client;
SET character_set_client = utf8;
/*!50001 CREATE VIEW `course_view` AS SELECT
 1 AS `student_id`,
  1 AS `course_id`,
  1 AS `course_name`,
  1 AS `semester`,
  1 AS `credit`,
  1 AS `score` */;
SET character_set_client = @saved_cs_client;

--
-- Table structure for table `score`
--

DROP TABLE IF EXISTS `score`;
/*!40101 SET @saved_cs_client     = @@character_set_client */;
/*!40101 SET character_set_client = utf8 */;
CREATE TABLE `score` (
  `student_id` varchar(10) NOT NULL,
  `course_id` varchar(10) NOT NULL,
  `score` varchar(4) CHARACTER SET utf8 COLLATE utf8_general_ci DEFAULT NULL,
  PRIMARY KEY (`student_id`,`course_id`)
) ENGINE=InnoDB DEFAULT CHARSET=utf8mb4 COLLATE=utf8mb4_general_ci;
/*!40101 SET character_set_client = @saved_cs_client */;

--
-- Dumping data for table `score`
--

LOCK TABLES `score` WRITE;
/*!40000 ALTER TABLE `score` DISABLE KEYS */;
INSERT INTO `score` VALUES ('20200058','CS0007','54'),('20200094','CS0009','50'),('20200446','CS0011','82'),('20200499','CS0012','64'),('20200696','CS0013','69'),('20200748','CS0014','96'),('20201001','CS0015','80'),('20201067','CS0016','54'),('20201113','CS0017','36'),('20201125','CS0018','10'),('20201229','CS0019','22'),('20201274','CS0020','20'),('20201309','CS0021','62'),('20201330','CS0022','88'),('20201417','CS0023','62'),('20201492','CS0024','60'),('20201497','CS0025','40'),('20201530','CS0026','79'),('20201560','CS0027','31'),('20201600','CS0028','48'),('20201663','CS0029','21'),('20201864','CS0030','10'),('20201915','CS0031','71'),('20201933','CS0032','26'),('20201936','CS0033','90'),('20201944','CS0034','62'),('20202054','CS0035','70'),('20202087','CS0036','47'),('20202127','CS0037','51'),('20202142','CS0038','94'),('20202213','CS0039','76'),('20202256','CS0040','34'),('20202364','CS0041','30'),('20202520','CS0042','87'),('20202525','CS0043','15'),('20202672','CS0044','79'),('20202716','CS0045','91'),('20202827','CS0046','16'),('20202868','MT0001','43'),('20203000','MT0002','16'),('20203016','MT0003','31'),('20203017','MT0004','66'),('20203133','MT0005','40'),('20203137','MT0006','16'),('20203159','MT0007','24'),('20203183','MT0008','65'),('20203226','MT0009','29'),('20203356','MT0010','88'),('20203385','MT0011','69'),('20203544','MT0012','98'),('20203796','MT0013','57'),('20203812','MT0014','19'),('20203953','MT0015','11'),('20203997','MT0016','88'),('20204088','MT0017','40'),('20204102','MT0018','66'),('20204125','MT0019','90'),('20204130','MT0020','36'),('20204131','MT0021','44'),('20204132','CS0002','80'),('20204132','MT0022','63'),('20204135','MT0023','83'),('20204258','MT0024','47'),('20204423','MT0025','20'),('20204477','MT0026','87'),('20204578','MT0027','43'),('20205106','MT0028','29'),('20205553','MY0001','52'),('20205605','MY0002','93'),('20205606','MY0003','69'),('20205618','MY0004','30'),('20205624','MY0005','41'),('20205788','MY0006','89'),('20206008','MY0007','79'),('20206033','MY0008','91'),('20206034','MY0009','37'),('20206054','MY0010','45'),('20206065','MY0011','15'),('20206132','MY0012','73'),('20206186','MY0013','74'),('20206319','MY0014','60'),('20206782','MY0015','11'),('20206859','MY0016','99'),('20207032','MY0017','38'),('20207144','MY0018','27'),('20207278','MY0019','71'),('20207542','MY0020','83'),('20207629','MY0021','47'),('20207635','WY0001','24'),('20207872','WY0003','35'),('20207878','WY0004','28'),('20208237','WY0005','61'),('20208274','WY0006','80'),('20208355','WY0007','71'),('20208426','WY0008','73'),('20208448','WY0009','31'),('20208559','WY0010','49'),('20208617','WY0011','29');
/*!40000 ALTER TABLE `score` ENABLE KEYS */;
UNLOCK TABLES;

--
-- Table structure for table `student`
--

DROP TABLE IF EXISTS `student`;
/*!40101 SET @saved_cs_client     = @@character_set_client */;
/*!40101 SET character_set_client = utf8 */;
CREATE TABLE `student` (
  `id` varchar(10) NOT NULL,
  `name` varchar(50) DEFAULT NULL,
  `major` varchar(50) DEFAULT NULL,
  `enrollment_date` date DEFAULT NULL,
  `sex` varchar(5) DEFAULT NULL,
  PRIMARY KEY (`id`)
) ENGINE=InnoDB DEFAULT CHARSET=utf8mb4 COLLATE=utf8mb4_general_ci;
/*!40101 SET character_set_client = @saved_cs_client */;

--
-- Dumping data for table `student`
--

LOCK TABLES `student` WRITE;
/*!40000 ALTER TABLE `student` DISABLE KEYS */;
INSERT INTO `student` VALUES ('20200058','尹孝旗','计算机科学与技术','2020-09-01','女'),('20200071','包甫晋','计算机科学与技术','2021-09-01','男'),('20200094','怀源磊','计算机科学与技术','2021-09-01','男'),('20200446','翁泰非','计算机科学与技术','2020-09-01','男'),('20200499','阮珍暖','土木工程','2022-09-01','男'),('20200696','劳晟彬','计算机科学与技术','2020-09-01','男'),('20200748','沈恒韶','土木工程','2022-09-01','男'),('20201001','殷心玉','计算机科学与技术','2020-09-01','女'),('20201067','裘芸婧','计算机科学与技术','2021-09-01','男'),('20201113','马楠诺','土木工程','2020-09-01','男'),('20201125','冯皎韶','计算机科学与技术','2020-09-01','男'),('20201229','胡爽日','土木工程','2020-09-01','男'),('20201274','苗晋举','土木工程','2022-09-01','男'),('20201309','华林韬','计算机科学与技术','2020-09-01','女'),('20201330','姚龙日','土木工程','2022-09-01','男'),('20201417','姜媚娅','计算机科学与技术','2021-09-01','男'),('20201492','嵇中领','计算机科学与技术','2020-09-01','男'),('20201497','姚芝曦','计算机科学与技术','2020-09-01','男'),('20201530','侯馨梓','土木工程','2022-09-01','男'),('20201560','平书颜','计算机科学与技术','2020-09-01','女'),('20201600','陆日滢','计算机科学与技术','2021-09-01','男'),('20201663','程瑗泽','计算机科学与技术','2021-09-01','男'),('20201864','劳钧希','土木工程','2020-09-01','男'),('20201915','余展念','计算机科学与技术','2020-09-01','男'),('20201933','裘葵福','土木工程','2020-09-01','男'),('20201936','左总林','计算机科学与技术','2020-09-01','男'),('20201944','陶裕银','土木工程','2020-09-01','男'),('20202054','水畅格','计算机科学与技术','2020-09-01','女'),('20202087','屈延柳','土木工程','2022-09-01','男'),('20202127','郭轩田','计算机科学与技术','2020-09-01','男'),('20202142','姜雅菊','土木工程','2022-09-01','男'),('20202213','邵望涓','计算机科学与技术','2021-09-01','男'),('20202256','吕岩纲','计算机科学与技术','2020-09-01','男'),('20202364','周蔓轶','计算机科学与技术','2020-09-01','女'),('20202520','时蒙日','计算机科学与技术','2020-09-01','男'),('20202525','郎纲路','计算机科学与技术','2020-09-01','男'),('20202672','房笛娥','计算机科学与技术','2021-09-01','男'),('20202716','贡凝晨','土木工程','2020-09-01','男'),('20202827','尤歆珑','土木工程','2020-09-01','男'),('20202868','夏舸严','土木工程','2022-09-01','男'),('20203000','焦红舒','计算机科学与技术','2021-09-01','男'),('20203016','明郁宏','土木工程','2022-09-01','男'),('20203017','汤潮健','计算机科学与技术','2020-09-01','男'),('20203133','邢剑果','土木工程','2022-09-01','男'),('20203137','荣绮秀','计算机科学与技术','2021-09-01','男'),('20203159','章城川','土木工程','2022-09-01','男'),('20203183','濯游','计算机科学与技术','2022-09-01','男'),('20203226','孔兵淳','土木工程','2022-09-01','男'),('20203356','温起剑','计算机科学与技术','2021-09-01','男'),('20203385','祖戈姝','土木工程','2022-09-01','男'),('20203544','赖臣梁','土木工程','2022-09-01','男'),('20203796','柏芝芯','土木工程','2022-09-01','男'),('20203812','赵洲伟','计算机科学与技术','2020-09-01','男'),('20203953','滕胡焕','土木工程','2022-09-01','男'),('20203997','褚宾垒','土木工程','2022-09-01','男'),('20204088','鲍逸为','计算机科学与技术','2020-09-01','男'),('20204102','李四','信息学院','2022-09-01','男'),('20204125','伏浩初','计算机科学与技术','2020-09-01','男'),('20204130','白婉笛','信息学院','2021-09-01','女'),('20204131','娄恬雅','计算机科学与技术','2020-09-01','女'),('20204132','童香洁','计算机科学与技术','2023-09-01','女'),('20204135','章童梦','计算机科学与技术','2020-09-01','女'),('20204258','郜敏媚','计算机科学与技术','2020-09-01','男'),('20204423','申泉晗','计算机科学与技术','2020-09-01','女'),('20204477','孟和柱','土木工程','2022-09-01','男'),('20204578','牧程直','计算机科学与技术','2020-09-01','男'),('20205106','薛争阔','计算机科学与技术','2020-09-01','女'),('20205553','纪辛金','土木工程','2020-09-01','男'),('20205605','窦飞格','计算机科学与技术','2020-09-01','男'),('20205606','郝英娴','土木工程','2022-09-01','男'),('20205618','殷墨珂','计算机科学与技术','2022-09-01','男'),('20205624','武渊鸿','计算机科学与技术','2020-09-01','男'),('20205788','蔡正煦','土木工程','2022-09-01','男'),('20206008','董宪平','计算机科学与技术','2020-09-01','男'),('20206033','韩队旺','土木工程','2022-09-01','男'),('20206034','段汝知','土木工程','2022-09-01','男'),('20206054','毕宸一','计算机科学与技术','2021-09-01','男'),('20206065','诸冠京','计算机科学与技术','2022-09-01','男'),('20206132','娄瑜忠','计算机科学与技术','2021-09-01','男'),('20206186','孔一戈','计算机科学与技术','2020-09-01','女'),('20206319','班孝凌','计算机科学与技术','2020-09-01','男'),('20206782','雷岚京','计算机科学与技术','2021-09-01','男'),('20206859','房兰昀','土木工程','2022-09-01','男'),('20207032','詹峥贤','土木工程','2020-09-01','男'),('20207144','黎喆申','计算机科学与技术','2020-09-01','男'),('20207278','岑垚吉','计算机科学与技术','2020-09-01','女'),('20207542','韩菁连','计算机科学与技术','2021-09-01','男'),('20207629','卢谨眉','计算机科学与技术','2021-09-01','男'),('20207635','常英旦','计算机科学与技术','2020-09-01','女'),('20207700','罗盛椒','计算机科学与技术','2021-09-01','男'),('20207872','解新通','土木工程','2022-09-01','男'),('20207878','解筝希','土木工程','2020-09-01','男'),('20208237','喻仪韶','计算机科学与技术','2020-09-01','女'),('20208274','鲍骞浪','计算机科学与技术','2020-09-01','男'),('20208355','计游歌','计算机科学与技术','2020-09-01','女'),('20208426','羿旻颂','土木工程','2022-09-01','男'),('20208448','蔡恺煊','土木工程','2022-09-01','男'),('20208559','钱旦韶','计算机科学与技术','2020-09-01','男'),('20208617','梅昕知','计算机科学与技术','2020-09-01','女'),('20209071','崔朗锋','土木工程','2022-09-01','男'),('20209214','薛钧兴','土木工程','2022-09-01','男'),('20209245','吕钧逸','土木工程','2022-09-01','男'),('20209630','董华尚','土木工程','2022-09-01','男'),('20209709','祁标祯','计算机科学与技术','2020-09-01','女'),('20209927','钱颖侃','土木工程','2022-09-01','男'),('20209998','李四','计算机科学与技术','2022-09-01','男'),('20209999','张三','计算机科学与技术','2021-05-06','男');
/*!40000 ALTER TABLE `student` ENABLE KEYS */;
UNLOCK TABLES;

--
-- Table structure for table `teacher`
--

DROP TABLE IF EXISTS `teacher`;
/*!40101 SET @saved_cs_client     = @@character_set_client */;
/*!40101 SET character_set_client = utf8 */;
CREATE TABLE `teacher` (
  `id` varchar(10) NOT NULL,
  `name` varchar(50) DEFAULT NULL,
  `department` varchar(50) DEFAULT NULL,
  `salary` int(11) DEFAULT NULL,
  `sex` varchar(4) CHARACTER SET utf8 COLLATE utf8_general_ci DEFAULT NULL,
  PRIMARY KEY (`id`)
) ENGINE=InnoDB DEFAULT CHARSET=utf8mb4 COLLATE=utf8mb4_general_ci;
/*!40101 SET character_set_client = @saved_cs_client */;

--
-- Dumping data for table `teacher`
--

LOCK TABLES `teacher` WRITE;
/*!40000 ALTER TABLE `teacher` DISABLE KEYS */;
INSERT INTO `teacher` VALUES ('10000008','宣灏剑','信息学院',10000,'男'),('10000009','戴傲云','信息学院',10000,'男'),('10000092','经文云','数理学院',10000,'女'),('10000166','乌茹娴','数理学院',10000,'女'),('10000347','芮恋千','数理学院',10000,'女'),('10000414','纪京瑜','信息学院',10000,'男'),('10000433','赖桥桥','信息学院',10000,'男'),('10000505','杨熠冉','数理学院',10000,'女'),('10000726','萧亚淳','数理学院',10000,'男'),('10000934','潘学峥','数理学院',10000,'男'),('10001078','夏隆铎','信息学院',10000,'男'),('10001240','穆劫川','信息学院',10000,'男'),('10001377','赖俐想','文法学院',10000,'女'),('10001645','牧敬霖','数理学院',10000,'男'),('10001664','傅妃琳','外语学院',10000,'女'),('10001718','翟远伟','信息学院',10000,'男'),('10001827','平嫱畅','外语学院',10000,'女'),('10001951','傅俭凌','文法学院',10000,'女'),('10002125','郎万晋','信息学院',10000,'男'),('10002190','单革朴','信息学院',10000,'男'),('10002330','杭依芹','数理学院',10000,'女'),('10002449','蔡闯创','数理学院',10000,'男'),('10002569','何嫣冰','外语学院',10000,'女'),('10002658','时珑甜','文法学院',10000,'女'),('10002710','滑俐姗','文法学院',10000,'女'),('10002780','郑梦迅','文法学院',10000,'女'),('10002879','蒋翌实','信息学院',10000,'男'),('10002886','许瀚仁','信息学院',10000,'男'),('10002987','郎钧薇','信息学院',10000,'男'),('10003017','刁千承','信息学院',10000,'男'),('10003040','姬鸣准','数理学院',10000,'男'),('10003074','范林沙','文法学院',10000,'女'),('10003194','晏连焱','数理学院',10000,'男'),('10003347','蒙全平','信息学院',10000,'男'),('10003479','戚京澎','信息学院',10000,'男'),('10003511','房凌庆','信息学院',10000,'男'),('10003568','武群云','外语学院',10000,'女'),('10003626','江朦桃','文法学院',10000,'女'),('10003698','凤芳菱','文法学院',10000,'女'),('10003914','孔意骁','信息学院',10000,'男'),('10003936','邢韵欣','外语学院',10000,'女'),('10004083','程晟月','信息学院',10000,'男'),('10004136','萧菲悦','文法学院',10000,'女'),('10004191','班坦冠','信息学院',10000,'男'),('10004237','邱弋炳','信息学院',10000,'男'),('10004624','高燕莉','数理学院',10000,'女'),('10004661','祖连言','数理学院',10000,'女'),('10004712','金茉霁','外语学院',10000,'女'),('10004969','贺雪祺','文法学院',10000,'女'),('10005029','韦一言','数理学院',10000,'男'),('10005104','农业翼','数理学院',10000,'男'),('10005118','宁熹进','数理学院',10000,'男'),('10005304','伊锋照','信息学院',10000,'男'),('10005333','单菱筝','文法学院',10000,'女'),('10005530','郝肖忱','数理学院',10000,'男'),('10005577','荣诚姣','文法学院',10000,'女'),('10005638','江跃彬','信息学院',10000,'男'),('10005642','鲍雅焰','数理学院',10000,'女'),('10005657','单婉巧','数理学院',10000,'女'),('10005782','屈茜菊','数理学院',10000,'女'),('10005845','倪嘉南','数理学院',10000,'男'),('10005975','申昭诗','文法学院',10000,'女'),('10006195','何尉瀚','信息学院',10000,'男'),('10006435','毛唯诺','信息学院',10000,'男'),('10006449','纪彦冲','数理学院',10000,'男'),('10006482','马筝戈','文法学院',10000,'女'),('10006487','赵煊伟','信息学院',10000,'男'),('10006492','管庭千','数理学院',10000,'男'),('10006504','徐敏霏','外语学院',10000,'女'),('10006693','盛跃潇','信息学院',10000,'男'),('10006985','房钊响','信息学院',10000,'男'),('10007142','仲起日','信息学院',10000,'男'),('10007157','瞿燃将','信息学院',10000,'男'),('10007224','孙杉运','数理学院',10000,'男'),('10007298','史锴喆','信息学院',10000,'男'),('10007508','裴年伦','信息学院',10000,'男'),('10007745','仰锴瀚','信息学院',10000,'男'),('10007831','仰定喆','信息学院',10000,'男'),('10007879','瞿波献','信息学院',10000,'男'),('10007990','柯苓玫','数理学院',10000,'女'),('10008036','汤鲲廷','信息学院',10000,'男'),('10008280','何咪茜','数理学院',10000,'女'),('10008292','郜心淳','数理学院',10000,'女'),('10008488','王芝伶','外语学院',10000,'女'),('10008503','包京彤','外语学院',10000,'女'),('10008521','赵隽静','文法学院',10000,'女'),('10008720','贡贵高','数理学院',10000,'男'),('10008859','余婵义','文法学院',10000,'女'),('10008872','尹甜奇','文法学院',10000,'女'),('10008965','焦忱锟','信息学院',10000,'男'),('10009005','萧梁垚','信息学院',10000,'男'),('10009198','白楠仁','信息学院',10000,'男'),('10009301','崔树园','信息学院',10000,'男'),('10009406','廉培月','信息学院',10000,'男'),('10009411','劳璐侃','文法学院',10000,'女'),('10009416','庞欢俐','外语学院',10000,'女'),('10009522','强月娅','外语学院',10000,'女'),('10009540','庞丽惟','文法学院',10000,'女'),('10009683','俞陵冰','信息学院',10000,'男'),('10009757','尤泉春','文法学院',10000,'女'),('10009779','苏晗晔','信息学院',10000,'男'),('10009899','翟晗泓','数理学院',10000,'女');
/*!40000 ALTER TABLE `teacher` ENABLE KEYS */;
UNLOCK TABLES;

--
-- Table structure for table `user`
--

DROP TABLE IF EXISTS `user`;
/*!40101 SET @saved_cs_client     = @@character_set_client */;
/*!40101 SET character_set_client = utf8 */;
CREATE TABLE `user` (
  `id` int(11) NOT NULL,
  `email` varchar(50) NOT NULL,
  `password` varchar(200) NOT NULL,
  `idtype` int(11) NOT NULL,
  `token` varchar(30) CHARACTER SET utf8 COLLATE utf8_general_ci DEFAULT NULL,
  PRIMARY KEY (`id`)
) ENGINE=InnoDB DEFAULT CHARSET=utf8mb4 COLLATE=utf8mb4_general_ci;
/*!40101 SET character_set_client = @saved_cs_client */;

--
-- Dumping data for table `user`
--

LOCK TABLES `user` WRITE;
/*!40000 ALTER TABLE `user` DISABLE KEYS */;
INSERT INTO `user` VALUES (10000000,'admin@163.com','bdc5c4a14468c4056dd0e872dfb2d7b4195fa02d14cbe41495cfabfc30d5032d.4G47fxtN6Sjcc2gqy5ViNQ==',2,''),(10000008,'adasd@34sd5.com','4c6e58f74e60ddaba80482835ee3c15c0f9f6ad13f6a94874e6d092d7e5dbf5b.OSsN3K2emlqmVpl1c1gpwA==',1,NULL),(10000009,'adsd@43s.org','eae1d6176ed397c93423e74988b486f9c678e6773810f9cf031f387addb80d44.rbKvs13YUEXvbaO8SxYlGw==',1,NULL),(10000092,'wpidjkpgvs@qq.com;','d12af8d61ecb96ba19c58c4e40667fa816d422b762bc37b33edead46b17053d5.tejTwbQAoR0kHX6ZxX9y9w==',1,NULL),(10000166,'odphbl@citiz.com;','44dfe229f06136aec592aef2a0e1306a311b6650ffb8cd2df65c064a29c86796.zcUJt1hUC4ZOxM/VgTK9+Q==',1,NULL),(10000347,'wcdudeboqwakjp@yeah.net;','a770973673a06708f0efe6a0245e5ff7f08476a86a43afb36bc73ae5c06450d7.bv2npYQzXpBsSabAdKvcvQ==',1,NULL),(10000414,'lqvjndqvnig@china.com;','df7f5f195db50400d7820a20316e9a2c08317b1c4135103e5cab01ba004df7a4.otPMEAVG7TZ7WQpxmMqFug==',1,NULL),(10000433,'wvpfwdtlk@msn.com;','4216d454d010ae13cabdbf781d90c99670bb9ec530db4a0d68e1821442e9146f.48ciw+e+Y6BvDr5nEDGy1g==',1,NULL),(10000505,'jbn@yahoo.com.cn;','d1b8d3ed480f826457884de688d185f37f8386153241eeca736afc7c90f8bebc.8hjVbbnFVSqkTV323qu1LA==',1,NULL),(10000726,'shwkdsimkatjehr@hotmail.com;','76e58368568579aab8155aa94042dbc14de05f417810bfc24e6b34ccf6d09157.xg5jrD0oQC9xSh+5dNRsOw==',1,NULL),(10000934,'sqaiekmsabppwm@netease.com;','d431730ae11002d7b7a6f1ffe08265e976a95539649bdd8f241e6c0d7690176a.hpG48mBP4Knq9Ft3Lv8NZg==',1,NULL),(10001078,'drbhwpencs@citiz.com;','b1a7b73b3cdc640fd0f7187389db75ec366b82775af31c755de86303868a33e4.dnE2Yc1YwauogElEtEZjLg==',1,NULL),(10001240,'kgdfitftwjotjpd@eyou.com;','ed64914668a139729d3338af057cd6f0b65e0ef3cff88e415c7b58dccef28815.rOrgpksKK16TSFHsfmHlIQ==',1,NULL),(10001377,'ukkgpbmqmndl@eastday.com;','322d0994401237b53cb03369f222d6a52ef92cfdf5249bd221560be867af65b2.AY7a4zmb030sC6/3xCVI7w==',1,NULL),(10001645,'jlfiqujh@yahoo.com.cn;','3bb4fbce970a75f05ea388fcbe9dd0320325ebc66497a104c4070e6e213c3a65.EiV4mc2+GrNCDENcr8zbdg==',1,NULL),(10001664,'qsqde@eyou.com;','670d5501a87dcefddc1a23e9ae84bec2c0248bd5720677a2d550e083c4b8f2bb.xiRnoojPW9snClKN8JIYOw==',1,NULL),(10001718,'mkufhkbsfolsgb@eyou.com;','9e076efa009c4cf438b8ace56893ddca82e6e2406680a25bd820e282877dc044.36HkJaXyqaPOT7vquZ7KeQ==',1,NULL),(10001827,'eeiehjs@china.com;','fa42fdc0f239eeee362c740786dcc6ff270546e73df840fa04dde595a9daf8ae.ZirRArJwv8YWnl/cagpwZw==',1,NULL),(10001951,'gdmuhi@china.com;','bd66793e1d80c02d705d1045b9d7d27b056965c99caede5e79f66d5f0c81ef4c.bh2JuqM4ZZokD36ubc2iYA==',1,NULL),(10002125,'fobmwbaeml@yeah.net;','c42a4ebd81a577171a023599b098c07473d3f17fb8df7ecf0d0614b2765013bc.h+w17XfxkpfNaBPNo8AFCA==',1,NULL),(10002190,'mufjgm@sogou@com;','afde528f900c415d0ba789fea8e62e30246fddff01b9918a90cf8a210e6b5039.QyBFAQOdiWokniz+TXzV9Q==',1,NULL),(10002330,'edfwlhvtnnbaiq@21cn.com;','8680d40e1e6a092231795e95f40691bcfdef6df3839f6edd7376e2e3750bde24.HYBoEsmOM/WK1Ef0tluCrw==',1,NULL),(10002449,'qacooqbhlvvfwda@msn.com;','3997895172e48c849ba0538693f6fd2bb5a19fafd9fe3574657c67b389f60931.eUTL8dk+kQepCOsVPUUwBg==',1,NULL),(10002569,'vedharvmh@263.net;','84a3cbf5dba458651c156f7dce97000969db09c2a3d02a76bb1b21160d48a804.xIMkkoeo8cA/Z4nlF1orMA==',1,NULL),(10002658,'udn@21cn.com;','162506a61ea905fd00e068079c0cd31520e9e7408c73cd47851da0f8f80a9663.sFPZgFZJibbb2eKg7HdY5Q==',1,NULL),(10002710,'qvfljugaqpona@21cn.com;','b8086341e41f163378edc65f2bcdf51579115ad0126523a00e3d7c4ace1f853f.DyhePH8gLjVFKhFf+Dow9g==',1,NULL),(10002780,'trchhslpfecgqok@56.com;','6aac730798af12e5d28a2a4bab445143bc4670994be9ef8b2192a47c440e4571.RYFSQLkVcq4JZka5wYu2kg==',1,NULL),(10002879,'dtffswu@eyou.com;','4837bec62db4ce2c87c632e9d3296456738967ad1a1124bb257afb272e22be12.G+2ICUqLE7JqBxrykcuNDA==',1,NULL),(10002886,'doi@sogou@com;','474f4ba55a280df2ffacff53ae8d5c299e115f4d487a2d62aa701a6efa317e7f.4kQXqdbUnHRqkbm72Ap1Fg==',1,NULL),(10002987,'ljom@56.com;','d1fe9c6f95d20c737c416d32584874235496e1d4bc7a010ed9d5aca66fd2a5d3.+Zth6jElM0xTIQj2Zk1bAg==',1,NULL),(10003017,'gkne@126.com;','61b2ab4a423e537c4a63d7923635d1a8f5655e52ad44c0db2591da4cae637ca5.k2Y7n0TuMP6KA7l1wAW4kQ==',1,NULL),(10003040,'hgonif@enet.com.cn;','be21097aefc529bacea3b5f4e50dabd2721aa8a2af2332f660fb9db4a0bc7424.KNK9h+NsvBRlnpXGBHPYaw==',1,NULL),(10003074,'keqdbs@eyou.com;','f0841faa2705272937406cbf4ed020b71ae752537536e868c67dbdde70aed020.UJ7UC1KboXLV5VM5GZCAiQ==',1,NULL),(10003194,'jpuhdt@263.net;','42ec2d5a59b7eff1cebde394a06828fe1e5dd7eb8bf2f6b5cf3a0885c8e829aa.j+CA8SGVQSvQGtzTeuPPqw==',1,NULL),(10003347,'bchiapfawtp@sogou@com;','1cbe8aa9693199f288b1d7e0a64bdf56523ec6db9bb7b258d6facae39c4f8cc5.3SRhK+De/3HXgnvsCneI7A==',1,NULL),(10003479,'hribsvgqll@etang.com;','e09ab9816567d04c049456fc09b6aa4f0621ebc6562c1195b64d9c52edfe5c07.A/b9wXXlZfO+Osh6v7q0bw==',1,NULL),(10003511,'wavhvtk@hotmail.com;','f6c18d524a3dc8eb648347d853ffdddf922146a392ee59ed0a64257d74dcb126.IS+nyvbLYznX2NpE+DoRow==',1,NULL),(10003568,'mgvugrwpeec@email.com.cn;','47194a423fcf7a3bc1d7d69156ce45f8ecd94ecc6a8dceaba9831ebf6a6ca083.bGUHQQpYEVNL/MHTAGtmWA==',1,NULL),(10003626,'cumfhuhennw@265.com;','838088d92f4c28472a6cbfae0efb83b323403251b99d13a825b510d909a945cb.UpzmCdYi0ncwqXLRbQlRSQ==',1,NULL),(10003698,'pgqbwevqsl@sina.com;','5f1ad7ce08e478c4386902e91ae11834b17b2ccfa67ffd20f011accc0b125dd3.p2g4TkEER5QHxx2xlvWl7Q==',1,NULL),(10003914,'ldhahgec@163.com;','f606b25c944500f18c15c7e7fc9ae07b863f17c10abd01449254066bc35cdf88.W7KgdtWEuJaScqJ6kcRuaQ==',1,NULL),(10003936,'bspl@sogou@com;','43c01e0943aa331ca79fafa03d7cf48107216eba740f720af44a5f3456202cc7.ux0x5yp3aeZJr2reJlbgFg==',1,NULL),(10004083,'vglrp@126.com;','c5198b6810922848f540c32c720b68304f38b6cb0f1eddfe65fd7c29309af98f.JYYKPjoVkYek7Q2Jm9Ck8Q==',1,NULL),(10004136,'lwpwhfbpvd@eyou.com;','ff584d5b42ed0f1c405592f4e5830f541728e76da486a529eb65077b9d2c35c6.TWFoTqtnx9A7XBLpOc0glg==',1,NULL),(10004191,'qchjc@35.com;','12399f1cb4e09f0eddfe689bff11e533849db90d33e9aaea008b6123663c623e.89Ibs6vuic05E76oqg/GLA==',1,NULL),(10004237,'radg@msn.com;','0aee85420b639b2238df313f0e0d103bdf5b7d38baeeceb4f9faea2481d56231.Cud790wH9HdYGBYLl1/2QQ==',1,NULL),(10004624,'lurfvi@hotmail.com;','b78f80a530725a39bd758394fda6f9583badd0e8ebca75cae49adcffbc4c27c6.BQoCJdyCTdlLnNqtcZGWXQ==',1,NULL),(10004661,'nftsktgco@yeah.net;','06a1632a2f99d482509891541cbc7e7f403611985f375d23bbaf3a0d0adb19a4.yyx5U4EozNchMgWgDFctQA==',1,NULL),(10004712,'bgja@163.com;','31e5b8dd5bc9c09e9d168aa2d3aab35438953741182ed93333ea3876d53a4894.9n4hYO5dLRgC5f9j2ygBIg==',1,NULL),(10004969,'pmpshhpjes@yeah.net;','dcf5c750fc44dbe19e9dbf3fb14fa152f351db7047011fee7cdcbd13cee5e461.IFHqc8fd2ZvEpI7SlAicHg==',1,NULL),(10005029,'karqgdu@eyou.com;','0975841077054b4b6cbf19917943e8a1dd7de22c82b485c97414093600d1cde7.Nni0HOZuta0OAQRNhM7h2w==',1,NULL),(10005104,'pfmojbcfl@tom.com;','5ff83338d5428f778ec81a601fb532528e5fd5fec53c96aab3232bb292e1665f./gl6Q1CYZ/VyoDJPOCKgOA==',1,NULL),(10005118,'enfs@sogou@com;','43836d06a37fbf16e7d76ff3316b7cfd3071844a84de4e59092d8e2c21ef0200.L5xQIYkXRBLfoqYEcJxMsA==',1,NULL),(10005304,'fudjfavsdbjhw@msn.com;','01eba1295493c402aac631c8ca3a28548190f805fadc9b8308531e70d7098d9f.0kDSz1hYP5NuIvEqpb4y2g==',1,NULL),(10005333,'bbahdd@sohu.com;','a13fe06823b5d6cccd1e4ab118938c36b5952c3798a8a18d8174ddae4b182520.ju2TRht+QWWLg3hyB6C9eg==',1,NULL),(10005530,'ndqqjctsvvluai@yahoo.com.cn;','b7ad37248963b57c2552ae566afae9372fc715eaf5d0bd4d1775567493f0853a.QJ9n3goHq3iqADpofgcUXQ==',1,NULL),(10005577,'entfa@21cn.com;','baca6718dd1758d80c288dde0aa20f606e25d7e8ba9fd40fd0370fb44de818d0.oV8XSLfHd506JXrnjxDvww==',1,NULL),(10005638,'mtscmeloohp@sogou@com;','9d488b24f414c4e24a2e9247a19c04abca297aadbcf8f338fe934eb543a19500.65HKgo8ghczYQJ8ouOc1tw==',1,NULL),(10005642,'mgmphgljl@yahoo.com.cn;','10ead786393b0d128d94612ff8ca04e559718ab8267181cf3a2a8ef54b32f556.9aU3VZrzV16nSakjeriO1w==',1,NULL),(10005657,'qtncnhp@sohu.com;','5a550e13a4b62c8c420bc641b8b39f8b92fa27179ef333088c80403a7845da8d.PQdjXQ3ALXHriIGAXCkazQ==',1,NULL),(10005782,'fduow@35.com;','0f212ffe23252e3c147ff96b0b67844628f7f914870a5d6ba44517ace9de8c6d.83F/VDasPRcK3707EWXyBA==',1,NULL),(10005845,'jgtmhtv@tom.com;','3f0ba94d792fdd11adaec7f626a83e02d867db43355c61e4a2daf554c207511c.BJixqmV41igtUNKqxzyoMA==',1,NULL),(10005975,'bevrdlalpjpojb@sogou@com;','280fa7347d6b3d4507e32bb1be41d1a4fcce5356eb253050be246caeec6e0cc4.eiMQFx7JBDoxE72aiO6u3w==',1,NULL),(10006195,'rgadpt@eyou.com;','159ee6bc63e430117d7c0097a7e0ecbf5119248c674b8b8cd5ef3bbdbdf35973.m6tPc+PxLVevFmIidp7pEg==',1,NULL),(10006435,'knwijup@yeah.net;','a863d24ef192a3215d7a4899c06fbd4cacf79ea77f33972b3315b43930fb7093.8hhAsOU+2sgs15Ub0UU93w==',1,NULL),(10006449,'bcosrtvqemcrkrr@eastday.com;','bf620542c6dd1e8831690c721d51738641399e7bad0edb7abd7ee819cc71b0c0.fECau8jxL+qLTFWO68UC3A==',1,NULL),(10006482,'vnow@21cn.com;','3905c1515c47cc41e5df6a719d8e82bdca90460c2a2b0cfe9d4e512c6d6df86c.PxnQZbFnQVWRszwtAejLDw==',1,NULL),(10006487,'luu@yahoo.com.cn;','d7edeca22e4ee3ae56213d4afc4102c693bdf3be867345122a1c6b7680a5ee2b.e+OxvlHvL0MFDwOCqiunPg==',1,NULL),(10006492,'lldlvb@35.com;','90f05d0f78f5485b978e9b3f74dabc7ec8ff104c62b23570b6091e8c26eadbc2.mqki2wCDfxz5e5RDrtrXAQ==',1,NULL),(10006504,'jpvm@21cn.com;','606ebf2e88b4be7804eeceb385a4f4cc923762b48c3b461d6c2d2f890e6b2404.WD8Cmeb1jPPML6kbLfg3bA==',1,NULL),(10006693,'emfuwsffavci@sogou@com;','80c04b4455aa76bb7da103b8dd082f965d0149fa20e65708b102312dabf088a3.xeM+S71u6p2DNZaHwrL6OA==',1,NULL),(10006985,'tduunwfpinti@sina.com;','952bf236571963a1fa226d3a7c698c227d045d4c739953c9891acc3d41d30117.fgtdQ4Ur3DUTJTwo9Z5Rug==',1,NULL),(10007142,'qqaaubtqgau@56.com;','91c8cb4c1c1bf0268fdef0373dd42091252a8f3b826a8f5f602ab3cb9eb125d0.mcSc9IQQPylD9+t5j7xYhQ==',1,NULL),(10007157,'flfjmibm@email.com.cn;','9d7b73a98d3d4823712400bc271953228742c6819141de07664fa2a8833aa841.9BdsiqXwHij1nPvQ2gBGpg==',1,NULL),(10007224,'bwrple@hotmail.com;','a5e4c5e5a37de0cc9945cc1a18b03243a3fe0bcf92197dc014f7c74aa825e526.R5c5TD0Ogld+EleEs2NLbg==',1,NULL),(10007298,'odulgvcloed@126.com;','7287d33d9454040cff3f6acc80f96d4d9d91fffdc13c9657d19e0d77e9dfb5cc.1k+aPbZYrl1SIvkRDJKyBQ==',1,NULL),(10007508,'wdgwedegwosku@265.com;','248685a8d056144c09438ce13af0992f4c6f0b452050f27e8004bd58d40afc84.ebkqYrsiZVtF7nuwNbAstA==',1,NULL),(10007745,'cjhmpaggtrehgbq@sina.com;','92da7d871cc908be1f106d94e5384d2e8fab12b074582134d03c20d38620e238.bjoeysyGQgpPSVrxrLM9kA==',1,NULL),(10007831,'jvbslqhbjqolb@56.com;','d80834771c74f38626b330cbf37693aadc77a84b7ebe63a43d7bd62272e742d2.vfCzrew2lSkBoRPWRnuUcA==',1,NULL),(10007879,'vbi@21cn.com;','ceb285b9a33b17e64ed3555cfc32351a976b24a744cd6a28cd249b5c6cb8fb58.4na0EPtCpidOshwNVVS9Hw==',1,NULL),(10007990,'oetpuk@265.com;','1b3395dbee6e3f9f294c15aca2cb25342e0dd951e6b056e047c3ea296fb3efc0.AZ/1Npx50bGhHB934a17hg==',1,NULL),(10008036,'sufgs@enet.com.cn;','b0d0ffa754ff93ae2d74d6067bdf10d195f0b77feaecef6da9bc54cb8bc12515.H8jlf4SHCAEaPd/i80Rj3Q==',1,NULL),(10008280,'vufnpakf@sina.com;','6b9a3ea09e392f93a89ca1334ca66ef61f44d14c49789e42c631ecd6d893a394.1WuNbplyaA8eR/fllYACBQ==',1,NULL),(10008292,'rrqsifq@eastday.com;','51ca7b77dcbbd68d5b286e2450ffcd9cca4015a70f61da1e2c0c3b2650b0b11f.pRuJ4DLyU2dPsMXuSIFEeg==',1,NULL),(10008488,'pebggevwtnp@163.net;','47004201d116574e0809612c14629e1c6ada6a6328fd9cca55a06a2c4588a4df.ZHJuY9Ovxd5HJ3D7Ts6RzQ==',1,NULL),(10008503,'rfcjvblhf@35.com;','7836c55e609b762b5377793677309b81ff123f05482c3c8f9ace32f97117fbe9.h5alf6Ug+FKUe9UrcWc2yg==',1,NULL),(10008521,'iqowkbssn@xinhuanet;','af2e0c5480438bbd8475a8cac929cd40706b9f30f54b21646eea2d201b42c207.UeaJuibdMAzYwQT0y/vQPQ==',1,NULL),(10008720,'vlacplekpmssps@163.com;','7a6af4a3b521c7ad997cb66d6bc8899f1d4e96023250a4239a112f1e8c98f400.9+wEilG+s9Svgm7mtL0SyA==',1,NULL),(10008859,'hldpfqthbcqih@xinhuanet;','5bbd54cf4b20cbbc1a0959b685d517eb2dfd1d2bd8e04a02406cfc0da50c754e.D/+dsbqYxNuB+2cag5m18g==',1,NULL),(10008872,'ucnhoisi@sogou@com;','cbad8514206e10dea33c1e6469a873e6e379bba8d304ab183fa93f6e002ebb50.anU7M+owqk6vtORGn8eo8Q==',1,NULL),(10008965,'rtv@qq.com;','78bb743e6fe8dc999d9e6e2dbf87babaee95f97fc7c2ca795bdc14739a123a05.1cE2ioTLpToY04hlQN3xTw==',1,NULL),(10009005,'veonkgjeue@sogou@com;','cd0559bc2db5a0cbe04a46d06d0ef804c468ebc322218c1d52e418c12ab3b193.DVn3m4K+2WRyt4X08oNdvw==',1,NULL),(10009198,'bmrtdfouqcl@email.com.cn;','361bb1dcf67be2adebaaf78d8f3011716dbdc8782dbdce683af2b6b7da5320de.qhA9r5t0a+NuVrMOMCUgRw==',1,NULL),(10009301,'lddml@sohu.com;','423930d83ff3507f7ad7050c5b1033d96462a66d3d2bde1108d4ed1751eac880.XjNQ5Eofn3AqfhHpYXHcnA==',1,NULL),(10009406,'rddmqrwolupcvp@sogou@com;','d9d530d99b9e8f1c3d03161eec3c4e2d1bfa99c6b3f87207ed00e76ae0fd2005.z778P5KAx9olZD6NDbFSGA==',1,NULL),(10009411,'fhoohpdtpjkvd@msn.com;','50af347635efcca5f1888ed785e37485e54e3d15b46aa694d85da73accb53ae9.DZdcvE0GR1M2p4GIXe4ItA==',1,NULL),(10009416,'jhrwui@eastday.com;','9e3f3d485f098cca93c88942bc3ee782321483f0087df66e58c35eb1b4b2a1fc.oFfDS77Xot3vpxGnbHdHlg==',1,NULL),(10009522,'jfwjt@sohu.com;','151deed19754f5102d7e18b8bff887ebb051468dc85b35a32bbacb3abbdfe385.X9D7OrZKj8JN8xKsqEwmCQ==',1,NULL),(10009540,'gjrgvfuf@56.com;','aff8ac2259aa60722912ea1ee0a98f29a59d43fd0db6055419de50fa83e7b56a.9sobflczbl/ojkI+MaQibw==',1,NULL),(10009683,'whthgalffg@sina.com;','e8c169cfcaf71d46dd4897da562655703669faae870e405ed037cb5b39b6ad0e.iKpjNbnpqMgm5uAeX/+4Sw==',1,NULL),(10009757,'qukaeejighkhd@163.com;','83900a4864a5eec0af67412f2da6e8c2e29cbb16def019eabc7cf548e600736e.eKnaLDzk4Gn+SU8qlUHaug==',1,NULL),(10009779,'thj@163.net;','d49b3bedd5a6ea1df14e7408f755a84bc3746d96f5508f8d8f648889dc21774b.tLirc2NVVQr64irTzDeEkw==',1,NULL),(10009899,'fuvbirdek@sohu.com;','6d59577f439caafbcde0407f6d3c5c209a54ba0aedb973f227ca718281bcf665.lbxPEWjCqWcADLnLLqd3WQ==',1,NULL),(20200071,'punl@netease.com;','ecc3184bcb4060763293e78a8ed7bc69985dcd5bbb654d7cb4c66889b06878a9.PUiL5PS0LOqdsVXEawY45g==',0,NULL),(20200094,'fgb@35.com;','fe8c3e82bcb509f98658074e73125610a048596ce1c4067ecf7c552a31402b40.Px3tH1tXtlXt9hfbMNuV6A==',0,NULL),(20200241,'sdsfd@123.com','b8222da1c02ce512c8bfbd93912b61bb3bfc50ea9cbb3282b3b17fa0d17d4746.vMCO1raErPg6ViRYQD7VUQ==',0,NULL),(20200446,'lfeqnnphhp@35.com;','e4dc58bff8e5adcdb0f591b2865b47077c139503b538b9c8f7b5cfb57d8e48d7.ZHGn07vZIitDPavfww+A2g==',0,NULL),(20200499,'squewsnk@yahoo.com.cn;','8d48a80c885c7792d683eaea77437bc7f6cf4a6b344611c3deaed15dfc776401.7/z7RU/VdqbZ4XpM964/YA==',0,NULL),(20200696,'srfrskwrwg@163.net;','c28d6af889ad10ec457508fec5af6657351ab73b49fd58caa651ea1e8087f44d.41GSEQiCu7bfKorou4d6LA==',0,NULL),(20200748,'dtivhwsqnm@sohu.com;','c5f3966ea6364f4d0b9cfd6d945fa029b1b8b77d58354330cdbe9e851fac8018.nCbBzBwY/gYpTs/FRvvqwQ==',0,NULL),(20201001,'jergieqbigkjl@hotmail.com;','47f6e56aed2ccfbe2304973b2a0e5ff141d22922e943da6074422722d10a5c90.l/nWNMpy0Ra7T+TMBgpn5w==',0,NULL),(20201067,'fhmqdppnatalnp@hotmail.com;','76e8259502afe3a04c2313b694507a2fde08147f771d828183901cb332f11b19.7I4By/fJxksuiwrVETS2lQ==',0,NULL),(20201113,'fwkhnppjrnlqu@tom.com;','2023bc94f41c4647689be394af46de94be90e17ba3ffc085edeb83359d6aff8d.aPlxR1TYPFIxizHbqxt27Q==',0,NULL),(20201125,'kkenibsp@35.com;','f402a73106004bae5b39bf0730d9587218e3d05b995224b986deb5db06161476.klDmsREH2+P9You9kUT1wQ==',0,NULL),(20201229,'oqki@citiz.com;','26aabc0d0075d462bc3ae0ed1fbcb22cf7258a5aa475a7282a8f1accc96470ed.qYg06LZevRuEXXHl+kQkJA==',0,NULL),(20201274,'jmpekamemodw@qq.com;','4bd5838e7438760fbcfc8a07da5722155e1c069f283a6c407c37bb2c9383c6f8.6pkSHOn3ClJUexwTJ2uEng==',0,NULL),(20201309,'vqnvmaibkm@qq.com;','6b9e834b5a24bb0b275c7498dd1b7914fb80280fe1fedbac877daa512fe49ca5.l6O4lKafJyOXjv2e4fWRZQ==',0,NULL),(20201330,'hnwwfabk@eyou.com;','650931150a5aea7b274182df1bee602dba296bb78c7d1173fba62aac3927ef6f.qaZC293Op1e+qrQ03qp3Fg==',0,NULL),(20201417,'efkj@163.com;','5ec5d31150b5dc8dcea8321156f55b76cb6000855858d8dbfa4403bcece43b44.pHdmTc0IZ8PMytY4qYvFSw==',0,NULL),(20201492,'bqutcwsvcmtpric@enet.com.cn;','c81deeeafb59cdd1fb31e3f483f9dcf56a8ad07c0609f36bdd8fe7eaafac27f3.OW/fXxxQmi601Gzhcfocxw==',0,NULL),(20201497,'dqvf@citiz.com;','04d4ba571b851c6da909418f7128e75d36558853184fbc89a2f03ce1b70a1e5c.YkBVb+WB+esFQNBWevezFQ==',0,NULL),(20201530,'cucaslikcb@21cn.com;','631922a553cfd2861925ad012edf9b1f9562224bb93e8e2b23331ed0d0817264.3RP3LJJdMY2I0mOwmCuwXg==',0,NULL),(20201560,'vpaeeogibus@sina.com;','458c1f7783c9e89dde9b015017a2c03822935855a81bf14610f976499d8c46f6.nrru7YTyfE8/ArB7+fZFUA==',0,NULL),(20201600,'qpnehsat@enet.com.cn;','0864e65c388e9652e3fdb3c7eab4bef806a28140bbda8b46ed606bbb91f498ee.8mHA8MH53oAQd59HYQrCWw==',0,NULL),(20201663,'jqqbblhqaqlh@163.net;','d0219a6cf2bfdc6e576ba6efec0c74860f51462034ce44fba84078f7aedfd3e9.AQf7Vcu05lZVq3deA2yKWA==',0,NULL),(20201864,'avajrbqnhijkd@35.com;','b0c338addf84198b90c99252c1188a949b07b5f8f9d9e23722ae55fe235238de.etb5Ie1rVi8beBetSNcfpQ==',0,NULL),(20201915,'dfpqulihqjtcjbp@21cn.com;','3d048b99e43c1e11999ae3cfdf7b69dbf6d7850ea7ccb981fc4228bc640ce23f.y9cP3cwP9MDysezqtlK4MQ==',0,NULL),(20201933,'uoeisncol@21cn.com;','507baa96fc1adff8429974d7351b17ae0e1b4f205da104c9c9e7ec81d85c0110.WDcpQcKDOU5kOwWO2q4Suw==',0,NULL),(20201936,'ipohjgtltouko@21cn.com;','1e613ae8d81b4def719a6ef7f6aa292a3c93a4f8294d65b5466a3b3db376f90e.KkaR9s3m2FtPI5fzkp1vUQ==',0,NULL),(20201944,'wvvhlpuwnmq@yahoo.com.cn;','517ad4e02616c1401731ce2c85dbdea8d62e638c0e3e4b7de02310d9c3efbc87.F7NYqUDIErih3nWB2hCrJw==',0,NULL),(20202054,'onb@56.com;','63abb7fd646f07e795baddef8750b5486a65266c40c6179a21c7cbfff2e80555.2oTFn4ZTHwnpyBQ5FXFhSw==',0,NULL),(20202087,'wvbsmqcf@email.com.cn;','8cfd57a0574ae104aeaf0053c456079f06779f9473524bd6ed86438e4546bdcb.8Je8Kff4u5f+4UEfsG/d1A==',0,NULL),(20202127,'sadnq@yeah.net;','d1900525dd644812eca45b277cde782d2be17a706c2b5d5d8b9834fedf6838a9.EgZDfJWOB6cLrwnMqF+K+g==',0,NULL),(20202142,'epdgqkpbr@tom.com;','371dc16332fceab7363681de30085a665e93a51d058da0f7bdb3eb32c52b1eb5.vL7p7YSv23LbJMIXPN6DiA==',0,NULL),(20202213,'ltfmkrpqeei@yahoo.com.cn;','46770df809a80fa2fae0697c5e7b0789f0ece7c0b44e40eda45105a8d71b37a3.cqzGyruWpqFNsbebyXSSHA==',0,NULL),(20202256,'glgen@163.net;','75bc0a2f01c09486c95f2d732cecd4b8b07d7a858a53d91f37678bd9f63ece61.hOartdQW/C8A44zbnSkxbQ==',0,NULL),(20202364,'htajifjf@qq.com;','1374e8ec3e3782b899b144accd36b88cb95d8efe067a46498b0d1a3abf6e18ec.+5gG+FFbobiCBCnGylUDvg==',0,NULL),(20202520,'qrbtqhifm@21cn.com;','77f8325cf41eda99a073f721a227747c3578f07f0613bf874f44e273d3e49c42.PrMYQl8h54LrML4JFRwucQ==',0,NULL),(20202525,'ahjskvaf@sogou@com;','27062f181db20f8b548c82ed1237072b7e41c0be9d02cfe66d70c0acfb140661.5TpVysp8af5pRDPvDIOXzQ==',0,NULL),(20202672,'ljmvp@etang.com;','6cbb25f8a4f77318311fd0654dadaa42a253e4c6c1dae8ff209ab3feb1f2d656.Q/S3SiIeN3ixUQEkxzNY1A==',0,NULL),(20202716,'eehjfrkoeimdu@265.com;','3b90c0f3671c1f2a791f5b62d24282b53f5ebcc92a5cff73d5cf03b042788dae.Qzn10OGdOLvXELNvVaT7sw==',0,NULL),(20202827,'wfhlonuhjwgwfil@126.com;','34dcc94aa3636d0f4802411b9ec7615c6b8d5634331004183d804bc3a3062473.HDZXSYyU4/L/7kpTkJECpQ==',0,NULL),(20202868,'lmahblsnvdgmkb@sina.com;','3409a999d181103fcbcbfdef2d0e2ee855754b493e7db233e0f3b25f98198639.tPZg8hJq4zF9AtRE78ECLw==',0,NULL),(20203000,'ejv@msn.com;','890866f03a7e09719b9c0bdc82efe1fdb8bb84816656f00cc6bb6e0b896da1ae.P2W4y7u8wFl5KZXooYYpfw==',0,NULL),(20203016,'kjgnde@xinhuanet;','e0a32b336237b43a8ad92b6e5ad3ef41f36d8b1d62e996046d9bb16f2f1afca1.DCLQXXXzWzYN7cIoS8Uoxg==',0,NULL),(20203017,'uvjvse@263.net;','a24139338bd93abbbdf1600b74523dba714742138d03cc29cd49bddba1357934.HJUYuMl9kfOkATzPGe0zgg==',0,NULL),(20203133,'kkpivp@eastday.com;','adaeb881876db80ddfcc0e7663c9969b7e85e8a4956ba7ff08aeea9b2cf10b14.LLThvyFVKL702ljQJtX2kA==',0,NULL),(20203137,'mvpkosvvwlrveh@citiz.com;','ed4361822e9622e6839dd0f0396d7ff8da6b390076ac3d640ea830115b75122d.j5Lay6DrrtUprUseErKNpA==',0,NULL),(20203159,'grkdbtrqtobwiv@263.net;','d5fb4e9e923d2eeaec130e76863bcfcb682ff61d774488164dbc2cdfa34ea4e7.refvMKEcKct5ukMmeA4jRg==',0,NULL),(20203183,'mmbflspcwl@hotmail.com;','44be4e08249d9d1eaa743648e1a28d13f1f5dfaf94ae1dec19be0544e802c8c4.gtllP5ThxE3hx2ygq0A2aQ==',0,NULL),(20203226,'kikdnjceeqqpdwn@eyou.com;','1847e4216e2f22c61e695de047ea8be039b53ea958f033156d94b00ac200a3f2.ciSkG+wy/3Fkw6epZjwuLg==',0,NULL),(20203356,'wmbvwipfpslbidm@email.com.cn;','04d655fa78e64057c36ad3229711b8191212d3dff63337a1046ad04c24909a22.ffXhWR21T9BEBhcslk1bfg==',0,NULL),(20203385,'gldujwtinstjbme@etang.com;','e2ce475ab1307eee4423297f5d350e4e232262264e00f33a2f0b793988402011.jEMn4g01S0PFXtmTkl7VBw==',0,NULL),(20203544,'awtjkwsvvon@56.com;','d4b6eef35a5940b12d95fa2c7b3449b2a797cb9896bbb8f8fa55801e903242c2.DOD8Tz6c/cW3Qp5FIm7F+Q==',0,NULL),(20203796,'ndqq@msn.com;','e35c77ea6376e84c5198c1482513f4979386c91b0e4835cd13402d8a3973f43b./UGlkp8TTd80tU9XiVE8Sw==',0,NULL),(20203812,'tsmnenjntsn@sohu.com;','a50b0753425455b274e0468456ddcb8ea9b270ab908088210349877ffff54ce5.43ReW0bqHEYb0dDy4hUJHw==',0,NULL),(20203953,'iadnba@263.net;','0918d3e9868614e274a5f2b387756d726cc7e696cb56aa3f5f798cc120f90793.xHuA5yivIa0XMwygPEOU3A==',0,NULL),(20203997,'ivliffrfpphtc@china.com;','c4985ddc0b8dd1602cd9b1f9b377ae2f12edd38de524681ad04823cf2658e581.l7yhowwn6gwIvCxjsVNqXw==',0,NULL),(20204088,'kjosbiwciihqsk@netease.com;','e43cff2690dc941e54567de15e220900a556a1724ff6efb46ae0a8c17af92d5c.4GgSvfn43QNekjvahi7ohQ==',0,NULL),(20204102,'qtnkubewho@eastday.com;','db3c3aca625b58ce494e15a08014b131d6dfd44215d879fcd27350745e3bc441.Mrg+2kRjLjtx7FHWU/3jxA==',0,NULL),(20204125,'dfjdmkp@163.com;','c33104a9c03edcbb60961f8094cc8adb5f614d8141b785c39f3656dbf57f5820.ltxqJWcz4RbMa8RpgHTTeQ==',0,NULL),(20204130,'frdjt@21cn.com;','a4cb7bc2a41006bec5f17d2e9a616f24b90ae7ef09d9c5f7189f649f5ce10ff2.HJyrI/QOursNwrX3cyskTQ==',0,NULL),(20204131,'ulwr@enet.com.cn;','71bffefc697c009cdf61aeaaa3b824e9e75f1350ed49d53d3b9cce0c90e7c354.4Uh2nv6uvh9IU1W7Ok33AA==',0,NULL),(20204132,'oamj@enet.com.cn;','413caefea76ee152ef5a432fd827848f6eb6ea89ecaeef65e41442c3cf4bd001./+V7AbSX5P8pBD8OQKQsfg==',0,NULL),(20204135,'lluvcibql@china.com;','8405d079a61f56abe536e3934f4ca79674ecc59493c66700b301e9c32d2e3537.JtTZLHyqBJ7CkyziuXKKZw==',0,NULL),(20204258,'epkkaswdwde@21cn.com;','600f0b729df8f3dae3395bd54499c13989f2114eb589b2ad672eceac75ea5897.VxG7q9eYDscE93CNR7xxUQ==',0,NULL),(20204423,'iflbkba@hotmail.com;','00dd130199670ae5d90aec385ae47d07de1dc7a45809ed47aa9fb26b38d2f2e7.909QcvXGe7QlNW/fG9NL1Q==',0,NULL),(20204477,'bsonbdnjodsfarr@163.net;','7ff91d2df29f341d64a35c11d0a1a6aac1367f5abbe94a4fd5e64934489f795d.9g9H/8gQowq8+5Bd/b1fFQ==',0,NULL),(20204578,'nuaarhp@sohu.com;','103041f6102c2adee8ad5534a518e5b8ee11fd466027bc1b0e26068153cd159c.ELUJCE3aTMR2dWW/3BJL9g==',0,NULL),(20205106,'qdvchokwnoskqsm@email.com.cn;','87eed8b0e21b91b175236dd7d5c06ca6e3cb3171519c734ac9f515a318ac35ff.ManGPjNvNPBGXbth6PcRgQ==',0,NULL),(20205553,'blmilrqhkd@china.com;','e0619ce68aee0e7057c72e0f7bdbefc7b77a2c30a75a84b3c2733e16ea8f15a5.+59UkggD76TF3gWqIfhMfg==',0,NULL),(20205605,'hlwnijkkmsdsadc@163.com;','98c169fed36d3504ed3977385069b808d0f5b54aa785e3da6dbbc44a1e771c9a.jrE46HY5p6YUsxrq10gaMg==',0,NULL),(20205606,'tbkkfgdkh@eastday.com;','b379602d3fe8a4b115bd18065caf5197f15f16b20400a34ee1a25fb94da022df.hsobGLtxiFIzFXZro/XnfA==',0,NULL),(20205618,'ertlm@21cn.com;','d11e29cf08d6f5b032261ba3e5125b70ced0ddd9b69000326ab6dc1dd42e631a.gts0vZm9CW35WyiCMJytHQ==',0,NULL),(20205624,'dttijccwfirii@263.net;','f0081f679b47a3537eefe71024ef39fefbce0c0650c4ee7f444d9be90b0b6bf6.nVzHVuooDJ6Z7bN9BShF7Q==',0,NULL),(20205788,'poblqcfsdbe@163.net;','ef6774dba72b7c17bb225e53af299d0ecb69678ae155faf0f502b7083e659120.dRKE3/TFV/jdqBoH3vMgxw==',0,NULL),(20206008,'rvp@yahoo.com.cn;','c5b3e2eb415968e689a82aae61e47a59a5f02f522b751fb8d80d63d63600943d.47MdHF4C2AChowl7QLTbgA==',0,NULL),(20206033,'tvptlp@163.net;','72fdac0686610feeeedfe3fd3b97a105ae3bd03fbc7d23b9189e80f185c0eb5a.bzI5ljiZ9L59kJXc/K5qUQ==',0,NULL),(20206034,'fasqwtr@eyou.com;','6b8574972d90118287d4b6df08243e1cc0e630ee997dddf8b733f7499e6ee552.WUPFbYNNKpLCn4yQYDSbCw==',0,NULL),(20206054,'fjb@sohu.com;','5ee1c6d0294f25d2952bd471c86ff91e9fb9f5855d8175c45815ed007e9f81de.3Xg87V7QDF4Bcg02r5oAiA==',0,NULL),(20206065,'vbph@163.com;','d1715f6a1abeb5dadd4d3eab476ab10d032753e5e47c14fd5a0b0ce55e27fa5f.5dFgvTphY36jihmGgnTUzw==',0,NULL),(20206132,'ufhpl@sina.com;','8bac0c201a8f3dc06c3e98e39fbf2f6c20399d710465ff5757251955ab8c69a8.31kDbJDijhXTiyvndMQ3xw==',0,NULL),(20206186,'qltdj@china.com;','e8ce69f49c8c773cd6e5c729ae4769dd8f542161ac360c33cf42e05e1cbbdb32.jDc/NhOnfvcyAlXoK+xXcg==',0,NULL),(20206319,'ufak@56.com;','a1feb160dbfe8c8f7fb49d936d311c0c0a317e5f0dfb0bf2597bf4034a4deda3.UCo5U1Qp2Dq9jtaMxI4Dcw==',0,NULL),(20206782,'geoq@56.com;','50e335c05c6cadf53bbda277e52a5e8c51620c114a536d9b41b23e558358ffb3.GKaSTd3+b9XSn+lXfJIPUQ==',0,NULL),(20206859,'fctcohfbkhdn@msn.com;','9a886dd4f5abd66e1c3caa3ecbc15a6b481ebfb352386221d7352288f21fcf16.7BQm1pNO75SfIvEOC2x/7A==',0,NULL),(20207032,'cpaodd@163.net;','41f85cc9f61a9ceecda576bb6d9942f4050405a7cf575869467a898eb651da61.0K6cemEk4wcTl5JImq7oVw==',0,NULL),(20207144,'kwqcfshbl@yahoo.com.cn;','1c70213dc42509491d133e376d44cfb623fd118ac66dd6f218f608aa1670b7bf.SxEy0E3+qcrWYBg8Vb/SdQ==',0,NULL),(20207278,'wuqgqa@sina.com;','2d92d776730de1122755c109abb0550a7ecab2d263a1c11b8f8f64014a2fe49f.H38tx+NYAz1D91xYPNIX7w==',0,NULL),(20207542,'tspnnj@163.net;','7389aca1fdb020e503a480564cbab313a745141574648152592267a4ed464021.QB9I9YqGjiPU/ehJijOziQ==',0,NULL),(20207629,'tpupwv@sina.com;','f57bacea888a4bedfee5057488bdf388540ba92e3e0f704aa0ce39eb0823c7fe.4mddiARjD6mk3NMqCzOStQ==',0,NULL),(20207635,'ulufgbfqioghii@35.com;','8dd5c4c2f7156727052c2faf5972fbc754861821d8b6a87d9529848d547765bf.d76Z3n76dhXK8csXqB/Cvg==',0,NULL),(20207700,'uvokrj@tom.com;','2d9b09d1c5ed844dd48cdcbad95e9d367eee38814c0d6de0230cb7cfa777c626.jzXYqiF8noiFjryfZazp1g==',0,NULL),(20207872,'wqki@email.com.cn;','7b17de16870cd6f8b3d4d14b047fa286b475501ef4a35969e6a0fd0655a5e5d6.zYOCfjGVmtOwK15Xe90rFw==',0,NULL),(20207878,'bbasjedavrn@tom.com;','5f59e25d9e53f7bbd3914adfdfcb16d33819b0d358980749b7e1535d18ac2008.LJNAPXfamY+EvQaTHtrxHA==',0,NULL),(20208237,'vdvqkigrbhjdlje@yahoo.com.cn;','180b36d29b6dc374cca999995aa5b3f96ef49763da12a7beafac33d806b678a8.HPaF7WB8sryjoz2OabPTyQ==',0,NULL),(20208274,'ntbrnf@netease.com;','c417ce817c444e32467f5cdc86f9ce2fc06666869ced36e4ee1484ec25df0cab.4Ix96G+ktj78/37YV46+lQ==',0,NULL),(20208355,'wckuwt@netease.com;','cebf8b78ab635142c285a2d91b08528fc6bc3b30c76080338d64006b506be69b.aZq5U0YatMiBAmIWud14Tw==',0,NULL),(20208426,'ddmaawwhtaropv@msn.com;','128d27ec6e6fef1b1e8f82f1092c3a6975b533fb601961002eebbd8a8cc5bfbb.9vxnz9ViAby+fSoBAw0T+Q==',0,NULL),(20208448,'riequlivpdlgt@enet.com.cn;','298865ec073279e57bf0f64e3d112ac565f0203a2703c557f6047005da1f8744.+fJ7oAHTJLEQ57WJatnEZw==',0,NULL),(20208559,'klhhfofmouqvml@sina.com;','e60f7d6d97a38856e6fc97235f301444de6d9220d7e19871cfc8d7afa01b54b8.B/fZt5X+pDz4VlLQDIeUDg==',0,NULL),(20208617,'bhkcopdvpso@sogou@com;','e735b7a463cc4ada3e2b0e6b909b5e79479790581d082a1ffe87952c8d94c8a7.ahJ2XkfSzkpf0+zChLWucg==',0,NULL),(20209071,'kqlvvgc@265.com;','e1b1dc0fa9a13f46f23272aaab7e39f298bd79f691f237c5ab86e7cba1e494ea.5pMKtOHIcYvt6dHEwfWcuw==',0,NULL),(20209245,'jagkvirkrh@msn.com;','1fdc0b5bdea2095561a5dca72a58034220c690aea22076d14feb11a5324ba18f.9srQDg1copQS1G77c/LWJA==',0,NULL),(20209630,'kwuqdefw@eastday.com;','4530ec870315e464f4fc9aae3ffb34847b47c614ca2f7a3051ef1e5411c1018d.sqWl9zJ9LwnwaUJpKFeiVQ==',0,NULL),(20209709,'kqvptrkg@sohu.com;','7e04c4cf7c12f20a637b01efa3b27b0dd2d87c447fc428a8700361913befd349.+ilGKJgRimZ3BMLNrZqvfw==',0,NULL),(20209927,'egirnqaq@163.com;','ec4d1ba53eba017ca4bd0d17d1d2577dbe6c262b4f9c427f6e61534735f90337.NGCaDjiojGwWlYqzF7fGbQ==',0,NULL),(20209998,'sdsdf@123.com','319fd360aa8b52efcf4a656730ec5c15152dc8eaa033b30742a9b732c06c817f.IfdGHLw+wIeGoN5op1+afA==',0,'');
/*!40000 ALTER TABLE `user` ENABLE KEYS */;
UNLOCK TABLES;

--
-- Final view structure for view `course_view`
--

/*!50001 DROP VIEW IF EXISTS `course_view`*/;
/*!50001 SET @saved_cs_client          = @@character_set_client */;
/*!50001 SET @saved_cs_results         = @@character_set_results */;
/*!50001 SET @saved_col_connection     = @@collation_connection */;
/*!50001 SET character_set_client      = utf8mb4 */;
/*!50001 SET character_set_results     = utf8mb4 */;
/*!50001 SET collation_connection      = utf8mb4_unicode_ci */;
/*!50001 CREATE ALGORITHM=UNDEFINED */
/*!50013 DEFINER=`root`@`localhost` SQL SECURITY DEFINER */
/*!50001 VIEW `course_view` AS select `score`.`student_id` AS `student_id`,`score`.`course_id` AS `course_id`,`course`.`name` AS `course_name`,`course`.`semester` AS `semester`,`course`.`credit` AS `credit`,`score`.`score` AS `score` from (`score` join `course` on(`score`.`course_id` = `course`.`id`)) */;
/*!50001 SET character_set_client      = @saved_cs_client */;
/*!50001 SET character_set_results     = @saved_cs_results */;
/*!50001 SET collation_connection      = @saved_col_connection */;
/*!40103 SET TIME_ZONE=@OLD_TIME_ZONE */;

/*!40101 SET SQL_MODE=@OLD_SQL_MODE */;
/*!40014 SET FOREIGN_KEY_CHECKS=@OLD_FOREIGN_KEY_CHECKS */;
/*!40014 SET UNIQUE_CHECKS=@OLD_UNIQUE_CHECKS */;
/*!40101 SET CHARACTER_SET_CLIENT=@OLD_CHARACTER_SET_CLIENT */;
/*!40101 SET CHARACTER_SET_RESULTS=@OLD_CHARACTER_SET_RESULTS */;
/*!40101 SET COLLATION_CONNECTION=@OLD_COLLATION_CONNECTION */;
/*!40111 SET SQL_NOTES=@OLD_SQL_NOTES */;

-- Dump completed on 2023-05-29 18:59:30
